{
    "benchmark.datamodel.base_tests.datamodel.SubsetHalf": {}
}{
    "benchmark.datamodel.base_tests.datamodel.SubsetHalf": {}
}{
    "benchmark.datamodel.base_tests.datamodel.SubsetHalf": {}
}{
    "benchmark.datamodel.base_tests.datamodel.SubsetHalf": {
        "0": 1523299389.859834,
        "2": 1523299389.859834,
        "4": 1523299389.859834,
        "6": 1523299389.859834,
        "8": 1523299389.859834
    }
}{
    "benchmark.datamodel.base_tests.datamodel.SubsetHalf": {
        "0": 1523299389.859834,
        "2": 1523299389.859834,
        "4": 1523299389.859834,
        "6": 1523299389.859834,
        "8": 1523299389.859834
    }
}{
    "benchmark.datamodel.base_tests.datamodel.SubsetHalf": {
        "0": 1523299389.859834,
        "2": 1523299389.859834,
        "4": 1523299389.859834,
        "6": 1523299389.859834,
        "8": 1523299389.859834
    }
}{
    "benchmark.datamodel.base_tests.datamodel.SubsetHalf": {
        "0": 1523299389.859834,
        "2": 1523299389.859834,
        "4": 1523299389.859834,
        "6": 1523299389.859834,
        "8": 1523299389.859834
    }
}{
    "benchmark.datamodel.base_tests.datamodel.SubsetHalf": {
        "0": 1523299389.859834,
        "2": 1523299389.859834,
        "4": 1523299389.859834,
        "6": 1523299389.859834,
        "8": 1523299389.859834
    }
}