{
    "benchmark.datamodel.base_tests.datamodel.BaseSetProjection": {}
}{
    "benchmark.datamodel.base_tests.datamodel.BaseSetProjection": {}
}{
    "benchmark.datamodel.base_tests.datamodel.BaseSetProjection": {}
}{
    "benchmark.datamodel.base_tests.datamodel.BaseSetProjection": {
        "0": 1523299315.315821,
        "1": 1523299315.315821,
        "2": 1523299315.315821,
        "3": 1523299315.315821,
        "4": 1523299315.315821,
        "5": 1523299315.315821,
        "6": 1523299315.315821,
        "7": 1523299315.315821,
        "8": 1523299315.315821,
        "9": 1523299315.315821
    }
}{
    "benchmark.datamodel.base_tests.datamodel.BaseSetProjection": {
        "0": 1523299315.315821,
        "1": 1523299315.315821,
        "2": 1523299315.315821,
        "3": 1523299315.315821,
        "4": 1523299315.315821,
        "5": 1523299315.315821,
        "6": 1523299315.315821,
        "7": 1523299315.315821,
        "8": 1523299315.315821,
        "9": 1523299315.315821
    }
}{
    "benchmark.datamodel.base_tests.datamodel.BaseSetProjection": {
        "0": 1523299315.315821,
        "1": 1523299315.315821,
        "2": 1523299315.315821,
        "3": 1523299315.315821,
        "4": 1523299315.315821,
        "5": 1523299315.315821,
        "6": 1523299315.315821,
        "7": 1523299315.315821,
        "8": 1523299315.315821,
        "9": 1523299315.315821
    }
}{
    "benchmark.datamodel.base_tests.datamodel.BaseSetProjection": {
        "0": 1523299315.315821,
        "1": 1523299315.315821,
        "2": 1523299315.315821,
        "3": 1523299315.315821,
        "4": 1523299315.315821,
        "5": 1523299315.315821,
        "6": 1523299315.315821,
        "7": 1523299315.315821,
        "8": 1523299315.315821,
        "9": 1523299315.315821
    }
}{
    "benchmark.datamodel.base_tests.datamodel.BaseSetProjection": {
        "0": 1523299315.315821,
        "1": 1523299315.315821,
        "2": 1523299315.315821,
        "3": 1523299315.315821,
        "4": 1523299315.315821,
        "5": 1523299315.315821,
        "6": 1523299315.315821,
        "7": 1523299315.315821,
        "8": 1523299315.315821,
        "9": 1523299315.315821
    }
}{
    "benchmark.datamodel.base_tests.datamodel.BaseSetProjection": {
        "0": 1523299315.315821,
        "1": 1523299315.315821,
        "2": 1523299315.315821,
        "3": 1523299315.315821,
        "4": 1523299315.315821,
        "5": 1523299315.315821,
        "6": 1523299315.315821,
        "7": 1523299315.315821,
        "8": 1523299315.315821,
        "9": 1523299315.315821
    }
}{
    "benchmark.datamodel.base_tests.datamodel.BaseSetProjection": {
        "0": 1523299315.315821,
        "1": 1523299315.315821,
        "2": 1523299315.315821,
        "3": 1523299315.315821,
        "4": 1523299315.315821,
        "5": 1523299315.315821,
        "6": 1523299315.315821,
        "7": 1523299315.315821,
        "8": 1523299315.315821,
        "9": 1523299315.315821
    }
}{
    "benchmark.datamodel.base_tests.datamodel.BaseSetProjection": {
        "0": 1523299315.315821,
        "1": 1523299315.315821,
        "2": 1523299315.315821,
        "3": 1523299315.315821,
        "4": 1523299315.315821,
        "5": 1523299315.315821,
        "6": 1523299315.315821,
        "7": 1523299315.315821,
        "8": 1523299315.315821,
        "9": 1523299315.315821
    }
}