{
    "benchmark.datamodel.base_tests.datamodel.SubsetAll": {}
}{
    "benchmark.datamodel.base_tests.datamodel.SubsetAll": {}
}{
    "benchmark.datamodel.base_tests.datamodel.SubsetAll": {
        "0": 1523299379.537042,
        "1": 1523299379.537042,
        "2": 1523299379.537042,
        "3": 1523299379.537042,
        "4": 1523299379.537042,
        "5": 1523299379.537042,
        "6": 1523299379.537042,
        "7": 1523299379.537042,
        "8": 1523299379.537042,
        "9": 1523299379.537042
    }
}{
    "benchmark.datamodel.base_tests.datamodel.SubsetAll": {
        "0": 1523299379.537042,
        "1": 1523299379.537042,
        "2": 1523299379.537042,
        "3": 1523299379.537042,
        "4": 1523299379.537042,
        "5": 1523299379.537042,
        "6": 1523299379.537042,
        "7": 1523299379.537042,
        "8": 1523299379.537042,
        "9": 1523299379.537042
    }
}{
    "benchmark.datamodel.base_tests.datamodel.SubsetAll": {
        "0": 1523299379.537042,
        "1": 1523299379.537042,
        "2": 1523299379.537042,
        "3": 1523299379.537042,
        "4": 1523299379.537042,
        "5": 1523299379.537042,
        "6": 1523299379.537042,
        "7": 1523299379.537042,
        "8": 1523299379.537042,
        "9": 1523299379.537042
    }
}{
    "benchmark.datamodel.base_tests.datamodel.SubsetAll": {
        "0": 1523299379.537042,
        "1": 1523299379.537042,
        "2": 1523299379.537042,
        "3": 1523299379.537042,
        "4": 1523299379.537042,
        "5": 1523299379.537042,
        "6": 1523299379.537042,
        "7": 1523299379.537042,
        "8": 1523299379.537042,
        "9": 1523299379.537042
    }
}{
    "benchmark.datamodel.base_tests.datamodel.SubsetAll": {
        "0": 1523299379.537042,
        "1": 1523299379.537042,
        "2": 1523299379.537042,
        "3": 1523299379.537042,
        "4": 1523299379.537042,
        "5": 1523299379.537042,
        "6": 1523299379.537042,
        "7": 1523299379.537042,
        "8": 1523299379.537042,
        "9": 1523299379.537042
    }
}{
    "benchmark.datamodel.base_tests.datamodel.SubsetAll": {
        "0": 1523299379.537042,
        "1": 1523299379.537042,
        "2": 1523299379.537042,
        "3": 1523299379.537042,
        "4": 1523299379.537042,
        "5": 1523299379.537042,
        "6": 1523299379.537042,
        "7": 1523299379.537042,
        "8": 1523299379.537042,
        "9": 1523299379.537042
    }
}{
    "benchmark.datamodel.base_tests.datamodel.SubsetAll": {
        "0": 1523299379.537042,
        "1": 1523299379.537042,
        "2": 1523299379.537042,
        "3": 1523299379.537042,
        "4": 1523299379.537042,
        "5": 1523299379.537042,
        "6": 1523299379.537042,
        "7": 1523299379.537042,
        "8": 1523299379.537042,
        "9": 1523299379.537042
    }
}{
    "benchmark.datamodel.base_tests.datamodel.SubsetAll": {
        "0": 1523299379.537042,
        "1": 1523299379.537042,
        "2": 1523299379.537042,
        "3": 1523299379.537042,
        "4": 1523299379.537042,
        "5": 1523299379.537042,
        "6": 1523299379.537042,
        "7": 1523299379.537042,
        "8": 1523299379.537042,
        "9": 1523299379.537042
    }
}{
    "benchmark.datamodel.base_tests.datamodel.SubsetAll": {
        "0": 1523299379.537042,
        "1": 1523299379.537042,
        "2": 1523299379.537042,
        "3": 1523299379.537042,
        "4": 1523299379.537042,
        "5": 1523299379.537042,
        "6": 1523299379.537042,
        "7": 1523299379.537042,
        "8": 1523299379.537042,
        "9": 1523299379.537042
    }
}